Year,1951,1952,1953,1954,1955,1956,1957,1958,1959,1960,1961,1962,1963,1964,1965,1966,1967,1968,1969,1970,1971,1972,1973,1974,1975,1976,1977,1978,1979,1980,1981,1982,1983,1984,1985,1986,1987,1988,1989,1990,1991,1992,1993,1994,1995,1996,1997,1998,1999,2000,2001,2002,2003,2004,2005,2006,2007,2008,2009,2010,2011,2012,2013,2014,2015,2016,2017,2018,2019,,
Avg,3236.812672,3065.642077,1779.383562,1727.523288,1384.471233,2610.338798,2677.2,1909.709589,1575.50137,1374.773224,1032.361644,2918.852055,231.2821918,1154.505464,2226.772603,1633.649315,2162.49589,2526.811475,2692.778082,1846.926027,1415.791781,2670.027322,2910.046575,1960.761644,2494.112329,2651.931694,2708.273973,1386.257534,1850.364384,1664.489071,1439.112329,1686.219178,4270.260274,3493.038251,2712.419178,3454.564384,2219.547945,1672.338798,1044.041096,1073.564384,1236.778082,1560.740437,1325.753425,1925.816438,1579.989041,2628.551913,2864.90411,2834.465753,3252.849315,1941.262295,1097.906849,935.8109589,1005.536986,1097.352459,1494.613699,1423.728767,1094.441096,1300.855191,1479.550685,1623.821918,2786.808219,1981.338798,1154.043836,1470.682192,1960.739726,2313.942623,3911.890411,2338.410959,,,
Std,3233.500703,3341.367655,2193.279451,1917.475229,1386.875782,3245.379218,3571.412604,2272.461589,1841.33642,1203.893944,823.4497901,2920.506932,210.2907572,811.5456168,1340.445641,570.3376724,860.8337584,897.4588016,882.4919962,708.3302786,631.2793797,920.2378045,1014.637273,1020.543468,1071.166237,962.6701841,762.828573,511.2026266,696.7498648,728.955476,565.2577455,677.6625427,2557.74522,1094.801084,940.2356698,2277.450616,1031.153928,583.3072328,341.2355085,351.1089584,329.1872974,652.0026114,851.6879353,899.8456834,929.6470916,1041.209276,1348.857377,595.8624941,1798.412875,677.5634965,572.3674192,503.7521949,660.9346863,439.0108589,1056.961588,736.867067,577.3944023,862.239021,669.7588,667.3366968,2412.772742,832.5952644,651.1523638,1436.138724,1028.579417,1957.991666,2813.204284,695.0286845,,,
CV,0.998976781,1.089940564,1.232606335,1.109956226,1.0017368,1.243278926,1.334010385,1.189951395,1.168730447,0.87570366,0.797636947,1.000566962,0.909238863,0.702937874,0.601967906,0.34911879,0.398074171,0.355174421,0.327725482,0.383518489,0.445884337,0.344654827,0.348667022,0.520483186,0.429477945,0.363007157,0.281665954,0.368764543,0.376547382,0.437945486,0.392782227,0.401882834,0.598967055,0.313423732,0.34664099,0.659258408,0.464578353,0.348797285,0.32684107,0.327049745,0.26616521,0.41775211,0.642418054,0.467254129,0.588388316,0.396115165,0.470821125,0.210220389,0.552873097,0.34903243,0.52132603,0.538305509,0.657295252,0.400063676,0.70718045,0.517561409,0.527570104,0.662824753,0.452677159,0.410966677,0.86578356,0.420218524,0.564235381,0.976511943,0.524587432,0.846171226,0.719141895,0.297222642,,,
SP_Tim,177,167,176,188,173,163,171,154,178,170,164,180,62,209,109,117,196,252,230,356,,218,238,253,235,166,122,238,96,68,308,112,201,220,63,183,7,51,222,284,174,137,161,161,205,163,185,165,167,154,146,149,150,139,160,153,144,162,143,157,187,149,160,170,143,184,180,153,,161.1538462,
SP_Mag,13700,14700,13000,7840,7000,15300,17500,12400,9450,5220,3770,10800,535,3460,3790,2570,3510,3720,4190,3650,2620,3840,4260,3960,3510,4340,4180,3140,3790,3340,2730,3140,12300,4210,4300,7710,4030,3280,2140,2880,1980,4310,4610,4680,2990,4690,5110,4520,10900,4600,4490,3970,4590,3760,4760,4650,4430,4430,4490,4660,8920,7460,5440,8630,7980,9150,8520,6440,,5725.769231,162.2030944
SP_Dur,91,49,94,56,87,90,65,47,76,59,44,78,148,,82,128,129,28,10,311,,,,,50,52,169,,144,248,278,76,42,38,209,34,213,199,31,306,53,12,23,66,29,32,23,99,41,21,15,16,18,14,43,15,15,17,142,16,33,27,17,13,17,13,21,16,,30.84615385,19.5
SP_ROC,0.044515216,0.055837563,0.035763479,0.042056075,0.037527594,0.037037037,0.053533191,0.062240664,0.054616532,0.042253521,0.048984322,0.037304392,0.040491803,,0.139635195,0.097571637,0.078231293,0.068627451,0.121716507,0.16744186,,,,,0.1484375,0.07073955,0.133333333,,0.165605096,0.164285714,0.128712871,0.188940092,0.041062802,0.055911942,0.137475892,0.067681044,0.073431373,0.226190476,0.086503601,0.069065804,0.138544567,0.155588799,0.104368932,0.01863354,0.01755586,0.072393455,0.107084357,0.013226464,0.110047847,0.103956705,0.151573555,0.030474041,0.097435023,0.080845324,0.084099015,0.177212199,0.133097488,0.156526193,0.00621118,0.117799948,0.075433654,0.056203516,0.112958269,0.148351648,0.105571614,0.194656489,0.128826531,0.100736399,,0.096356894,
DS_Tim,268,216,270,244,260,253,236,201,254,229,208,258,210,,191,245,325,280,240,302,156,,,,285,218,291,,240,316,221,188,243,258,272,217,220,250,253,225,227,149,184,227,234,195,208,264,208,175,161,165,168,153,203,168,159,179,285,173,220,176,177,183,160,197,201,169,,,
DS_Mag_10,772,540,430,330,500,400,600,481.8,400,430,600,656.9,95.3,,,,2686,1990,1625,794,1620,,,,878.6,2220,936,,908,,888,1523,2541,,1160,1420,1009.5,855,,867.6,1340,866.8,892.9,825.6,1311,1490,,2390,,964.6,788,814.3,787.7,872.3,1380,840,828,1120,,999.2,,829,828.6,1320,874,1380,1620,,,,
DS_Mag_50,920,832,582,596,655,683,1000,616,618.5,563,838,717.5,120,,,,2930,2310,2385,895,2050,,,,1420,2735,1110,,1240,,1435,2560,3555,,1960,1610,1755,910,,884,1580,1040,1280,1290,1425,1820,,2420,,1020,827,848,928,1110,1460,860,840,1615,,1140,,1200,860,1770,1800,1870,2470,,,,
DS_Dur_WSI,13,,53,43,,46,,,21,59,79,,65,,,,,,,1,,,,,,,,,42,,,96,,,60,,,65,,60,,,,,,,,,,,,,,,,,,,,,,,,,,,,,,,
DS_Dur_WS,177,256,184,205,179,231,222,254,170,199,231,38,124,,,,4,91,72,31,139,,,,33,104,121,,53,,156,304,122,,147,61,66,204,,99,107,339,110,227,62,192,,212,,297,319,324,308,334,281,314,338,138,,279,,323,327,147,347,213,105,,,,
DS_No_Flow,0,0,0,0,0,0,0,0,0,0,0,0,0,,,,0,0,0,0,0,,,,0,0,0,,0,,0,0,0,,0,0,0,0,,0,0,0,0,0,0,0,,0,,0,0,0,0,0,0,0,0,0,,0,,0,0,0,0,0,0,,,,
WSI_Tim,325,280,,322,286,,298,,,274,287,286,,274,275,274,,,,,275,,,,291,,,,275,281,,,283,,291,331,,,314,277,284,,,,,,,320,,,,,,,,,,,,,,,,,,,,,,,
WSI_Mag,1890.009981,2259.781428,,839.9589879,855.9674201,,1259.964307,,,1550.003319,1160.025474,1759.985814,,174.9996319,3579.970457,1329.993244,,,,,1729.991047,,,,3619.957932,,,,1889.984089,2119.872787,,,5320.000691,,3419.947606,3289.717502,,,1619.781569,2660.576338,1589.922045,,,,,,,3310.01528,,,,,,,,,,,,,,,,,,,,,,,
Wet_Tim,73,79,106,88,83,73,118,92,89,58,62,73,295,333,330,,,278,365,311,305,294,281,,,307,321,30,309,292,,11,126,364,,53,277,285,88,,323,333,122,293,88,295,21,,110,,106,114,123,110,121,118,116,131,316,,86,,133,138,329,141,44,305,,,
WSI_Dur,4,3,,5,3,,4,,,7,7,3,,-1,0,-1,,,,,0,,,,4,,,,0,3,,,8,,2,4,,,8,0,2,,,,,,,9,,,,,,,,,,,,,,,,,,,,,,,
Wet_BFL_Mag,1568,1768,804.8,1120,796,1282,1895,1486,1214,750,650,941.2,82,,700,,,937.1,1169,894,670.5,,,,,1440,1588,,1220,895,,966.6,3116,2166,,2623,1120,968,892.8,,869.8,1130,910.5,1080,1015,2300,2092,,2406,,1090,840,787,957,1110,1040,837.2,861.4,836,,2480,,837.9,868.4,1100,876,2510,1750,,,
Peak_Tim_2,156,153,166,162,,146,180,143,174.5,,,118,,,,,,,,,,,,,,,,,,,,,187.5,129.5,,172,,,,,,,,,,,168,,155,,,,,,,,,,,,143.5,144,,158,135,161,156,,,,
Peak_Dur_2,14.5,17,13,5,,28,10,14,6.5,,,5,,,,,,,,,,,,,,,,,,,,,27,3.5,,4,,,,,,,,,,,4,,18,,,,,,,,,,,,17.5,1,,10,6,22,16,,,,
Peak_Fre_2,2,3,1,2,0,1,3,1,2,0,0,5,0,0,0,0,0,0,0,0,0,0,0,0,0,0,0,0,0,0,0,0,2,2,0,7,0,0,0,0,0,0,0,0,0,0,1,0,1,0,0,0,0,0,0,0,0,0,0,0,2,1,0,1,1,1,3,0,0,,
Peak_Mag_2,7680,7680,7680,7680,7680,7680,7680,7680,7680,7680,7680,7680,7680,7680,7680,7680,7680,7680,7680,7680,7680,7680,7680,7680,7680,7680,7680,7680,7680,7680,7680,7680,7680,7680,7680,7680,7680,7680,7680,7680,7680,7680,7680,7680,7680,7680,7680,7680,7680,7680,7680,7680,7680,7680,7680,7680,7680,7680,7680,7680,7680,7680,7680,7680,7680,7680,7680,7680,7680,,
Peak_Tim_5,130,102,160,157.5,154.5,115,142.5,132,161,87,,130.5,,,,,,,,,,,,,206,,68,,,,,,34.5,122,,119,,,,,,,150,142,177,124,114,,144,150.5,,,,,138,139,,,,147,158,141,151,154,133,154,68,143,,,
Peak_Dur_5,22,42.5,23,14,11.5,8,35.5,36,25,4,,12.5,,,,,,,,,,,,,3,,1,,,,,,40.5,14,,84,,,,,,,7.5,10.5,8,53,6,,32,1.5,,,,,25,12,,,,9,44.5,7,7,15,11,31,122,9,,,
Peak_Fre_5,3,2,1,2,2,3,2,1,1,3,0,6,0,0,0,0,0,0,0,0,0,0,0,0,1,0,1,0,0,0,0,0,2,1,0,1,0,0,0,0,0,0,2,2,1,1,7,0,1,4,0,0,0,0,1,1,0,0,0,1,2,1,1,1,1,1,1,1,0,,
Peak_Mag_5,4600,4600,4600,4600,4600,4600,4600,4600,4600,4600,4600,4600,4600,4600,4600,4600,4600,4600,4600,4600,4600,4600,4600,4600,4600,4600,4600,4600,4600,4600,4600,4600,4600,4600,4600,4600,4600,4600,4600,4600,4600,4600,4600,4600,4600,4600,4600,4600,4600,4600,4600,4600,4600,4600,4600,4600,4600,4600,4600,4600,4600,4600,4600,4600,4600,4600,4600,4600,4600,,
Peak_Tim_10,117,147.5,159,176,156,128,130,130,161,136,151,66,,,60.5,,184.5,107,108.5,,,99,364.5,136,154,358,82.5,,56,334,,35,53,19.5,351,105,364,,,,,127,149.5,133,158,123,98.5,142,131,144,138.5,141,140,131,138,139,134,148,132,146,117,141,150,153,133,153,67,142,,,
Peak_Dur_10,9,46,32,19,6,9.5,82,40,26,7,10,59,,,5,,1,2.5,3.5,,,1,1.5,2,1,2,1,,1,1,,1,2,2,1,2,6,,,,,9,9.5,27,11,56,52.5,23,64,15,3,6,11,5,28,13,9,10.5,11,12,93,9,10,18,13,33,123,12,,,
Peak_Fre_10,3,2,1,3,3,4,1,1,1,4,1,2,0,0,10,0,2,8,12,0,0,11,30,6,7,5,16,0,3,1,0,3,22,26,11,5,7,0,0,0,0,1,2,1,2,1,2,1,1,1,2,1,1,1,1,1,1,2,1,1,1,1,1,1,1,1,1,1,0,,
Peak_Mag_10,3750,3750,3750,3750,3750,3750,3750,3750,3750,3750,3750,3750,3750,3750,3750,3750,3750,3750,3750,3750,3750,3750,3750,3750,3750,3750,3750,3750,3750,3750,3750,3750,3750,3750,3750,3750,3750,3750,3750,3750,3750,3750,3750,3750,3750,3750,3750,3750,3750,3750,3750,3750,3750,3750,3750,3750,3750,3750,3750,3750,3750,3750,3750,3750,3750,3750,3750,3750,3750,,
Peak_Tim_20,91.5,97,153,167.5,144,160.5,128,118.5,160,128.5,149,86,,235,359,262,207,209,185,353.5,,113,156,360,365,197.5,83.5,59,88,3,302,105.5,72,363,7,3,360.5,16,155,280,,126,141,64.5,156.5,95,37,112,77,138,134,140,139,131,137,136,134,145,132,145,98,140,150,153,132,153,61,58,,,
Peak_Dur_20,68,106,49,15.5,9,24,93,31,30,10.5,22,4,,2.5,8.5,1,5,5.5,1.5,1.5,,3,5,2,2,2,3,1,3,1,1,2,4.5,4,3,1,5.5,1,4,1,,12,2,17,24,39,72,24,76.5,24,13,10,14,7,31,18,11,25,12,16,113,13,13,20,17,35,130,16,,,
Peak_Fre_20,2,1,1,4,3,4,1,2,1,4,1,3,0,4,10,1,18,18,24,10,0,35,26,25,25,36,40,3,7,21,5,14,16,19,22,13,12,9,1,1,0,1,3,2,2,3,3,5,2,1,1,1,1,1,1,1,1,1,1,1,1,1,1,1,1,1,1,3,0,,
Peak_Mag_20,2780,2780,2780,2780,2780,2780,2780,2780,2780,2780,2780,2780,2780,2780,2780,2780,2780,2780,2780,2780,2780,2780,2780,2780,2780,2780,2780,2780,2780,2780,2780,2780,2780,2780,2780,2780,2780,2780,2780,2780,2780,2780,2780,2780,2780,2780,2780,2780,2780,2780,2780,2780,2780,2780,2780,2780,2780,2780,2780,2780,2780,2780,2780,2780,2780,2780,2780,2780,2780,,
SP_Tim_Water,268,258,267,279,264,254,262,245,269,261,255,271,153,300,200,208,287,343,321,82,,309,329,344,326,257,213,329,187,159,34,203,292,311,154,274,98,142,313,10,265,228,252,252,296,254,276,256,258,245,237,240,241,230,251,244,235,253,234,248,278,240,251,261,234,275,271,244,,,
DS_Tim_Water,359,307,361,335,351,344,327,292,345,320,299,349,301,,282,336,416,371,331,393,247,,,,376,309,382,,331,407,312,279,334,349,363,308,311,341,344,316,318,240,275,318,325,286,299,355,299,266,252,256,259,244,294,259,250,270,376,264,311,267,268,274,251,288,292,260,,,
WSI_Tim_Water,51,6,,48,12,,24,,,0,13,12,,0,1,0,,,,,1,,,,17,,,,1,7,,,9,,17,57,,,40,3,10,,,,,,,46,,,,,,,,,,,,,,,,,,,,,,,
Wet_Tim_Water,164,170,197,179,174,164,209,183,180,149,153,164,21,59,56,,,4,91,37,31,20,7,,,33,47,121,35,18,,102,217,90,,144,3,11,179,,49,59,213,19,179,21,112,,201,,197,205,214,201,212,209,207,222,42,,177,,224,229,55,232,135,31,,,
Peak_Tim_2_Water,247,244,257,253,,237,271,234,265.5,,,209,,,,,,,,,,,,,,,,,,,,,278.5,220.5,,263,,,,,,,,,,,259,,246,,,,,,,,,,,,234.5,235,,249,226,252,247,,,,
Peak_Tim_5_Water,221,193,251,248.5,245.5,206,233.5,223,252,178,,221.5,,,,,,,,,,,,,297,,159,,,,,,125.5,213,,210,,,,,,,241,233,268,215,205,,235,241.5,,,,,229,230,,,,238,249,232,242,245,224,245,159,234,,,
Peak_Tim_10_Water,208,238.5,250,267,247,219,221,221,252,227,242,157,,,151.5,,275.5,198,199.5,,,190,90.5,227,245,84,173.5,,147,60,,126,144,110.5,77,196,90,,,,,218,240.5,224,249,214,189.5,233,222,235,229.5,232,231,222,229,230,225,239,223,237,208,232,241,244,224,244,158,233,,,
Peak_Tim_20_Water,182.5,188,244,258.5,235,251.5,219,209.5,251,219.5,240,177,,326,85,353,298,300,276,79.5,,204,247,86,91,288.5,174.5,150,179,94,28,196.5,163,89,98,94,86.5,107,246,6,,217,232,155.5,247.5,186,128,203,168,229,225,231,230,222,228,227,225,236,223,236,189,231,241,244,223,244,152,149,,,